"","Merged","Nickname","Name","Strain","Treatment","Condition","Strategy","Dim.1","Dim.2","Dim.3","Dim.4","Dim.5"
"606P-15","606Ancestor15","X606P.15.1","606P",606,"Ancestor",15,"Other",-1.75825505962198,-1.25412232197796,-0.0990824440050871,-0.0496890200126508,0.916160199534029
"606P-15-1","606Ancestor15","X606P.15.2","606P",606,"Ancestor",15,"Other",-1.65127125934961,-0.945619372501553,-0.0191706740868144,0.0116949475246926,0.81510032719018
"606P-15-2","606Ancestor15","X606P.15.3","606P",606,"Ancestor",15,"Other",-1.89658947554588,-1.71989479135066,-0.196630875936881,-0.309015613239059,1.26079672062068
"606P-15-3","606Ancestor15","X606P2.15.1","606P",606,"Ancestor",15,"Other",-1.94833831199619,-1.55590297397329,-0.363595667148221,-0.086145590482971,0.697283651508431
"606P-15-4","606Ancestor15","X606P2.15.2","606P",606,"Ancestor",15,"Other",-2.15816174634548,-1.29338439030383,-0.117642215459215,-0.219289522539143,0.678519846534562
"606P-15-5","606Ancestor15","X606P2.15.3","606P",606,"Ancestor",15,"Other",-1.97289743937555,-0.765197497439034,0.239432843680602,-0.144665131421914,0.675297203605723
"606P-43","606Ancestor43","X606P2.43.1","606P",606,"Ancestor",43,"Other",1.25199327487994,-0.549516452126304,0.766208134459214,0.0924328873972438,0.0784165933322279
"606P-43-1","606Ancestor43","X606P2.43.2","606P",606,"Ancestor",43,"Other",1.22987074538579,-0.404377679043595,0.68775052473006,-0.00403205655167188,-0.104596966388359
"606P-43-2","606Ancestor43","X606P2.43.3","606P",606,"Ancestor",43,"Other",1.48369837493284,-0.838745530214894,0.519171482292008,0.107818227964932,-0.121168930335865
"606P-37","606Ancestor37","X606P3.37.1","606P",606,"Ancestor",37,"Other",-0.277481297843641,0.511034870870276,-0.515441842864682,-0.204623083701876,-0.0527483528568167
"606P-37-1","606Ancestor37","X606P3.37.2","606P",606,"Ancestor",37,"Other",-0.181128780294592,0.472061971629897,-0.614629153355591,0.0993849335355416,-0.0883308352403591
"606P-37-2","606Ancestor37","X606P3.37.3","606P",606,"Ancestor",37,"Other",-0.0493418603758749,0.678969385424051,-0.532249170984013,0.178825255325534,-0.0476984541001404
"606P-43-3","606Ancestor43","X606P3.43.1","606P",606,"Ancestor",43,"Other",1.10404820196253,0.309075705310869,1.09067490013392,-0.25962009789499,-0.136935639355439
"606P-43-4","606Ancestor43","X606P3.43.2","606P",606,"Ancestor",43,"Other",1.3812466031844,-0.126468436938889,0.803277364638446,0.0292183348027749,-0.117146188041556
"606P-43-5","606Ancestor43","X606P3.43.3","606P",606,"Ancestor",43,"Other",1.96648691629542,-0.859754643019397,0.135359573160725,-0.547497896199282,-0.374182549961994
"606P-37-3","606Ancestor37","X606P.37.1","606P",606,"Ancestor",37,"Other",0.419000979173351,0.459259022877144,-0.617607519162299,0.0309233640052405,0.10514529573579
"606P-37-4","606Ancestor37","X606P.37.2","606P",606,"Ancestor",37,"Other",0.288773742060329,0.691677031858729,-0.468572202639568,0.18261891199177,0.210772324264276
"606P-37-5","606Ancestor37","X606P.37.3","606P",606,"Ancestor",37,"Other",0.44892605801186,0.556802910972288,-0.395900543585586,0.0308212843427652,0.109487162139989
"S606-2-15","606Slow15","Baelish.15.1","S606-2",606,"Slow",15,"Specialist",-1.85984758892963,-0.166320768000362,0.665212629020829,-0.255130880080374,0.281551119386123
"S606-2-15-1","606Slow15","Baelish.15.2","S606-2",606,"Slow",15,"Specialist",-1.93887124660213,-0.755271538599024,0.260186034478041,-0.394414146489453,0.240698333616424
"S606-2-15-2","606Slow15","Baelish.15.3","S606-2",606,"Slow",15,"Specialist",-1.87958425546553,-0.375844950857345,0.611671988428183,-0.419414097922147,0.228985230161589
"S606-2-37","606Slow37","Baelish.37.1","S606-2",606,"Slow",37,"Specialist",-0.250685935700572,0.139748854037362,-0.819989864126396,-0.226297810779636,-0.0812482087532324
"S606-2-37-1","606Slow37","Baelish.37.2","S606-2",606,"Slow",37,"Specialist",-0.219653972566986,-0.0591512595833998,-1.03985922406514,-0.354968763011975,-0.156151962928729
"S606-2-37-2","606Slow37","Baelish.37.3","S606-2",606,"Slow",37,"Specialist",-0.259997274231002,0.0454553504698425,-0.876675542964892,-0.279394016098574,-0.137913582675032
"S606-2-43","606Slow43","Baelish.43.1","S606-2",606,"Slow",43,"Specialist",1.4040529168682,0.154443232941171,0.594496161599135,0.0308280247376831,-0.0804833260015568
"S606-2-43-1","606Slow43","Baelish.43.2","S606-2",606,"Slow",43,"Specialist",1.7900324747231,-0.523460123706513,0.0290020942136146,0.200538823845178,-0.178310280400705
"S606-2-43-2","606Slow43","Baelish.43.3","S606-2",606,"Slow",43,"Specialist",1.68828663129941,-0.854912499368308,-0.111010804790597,-0.656492099588537,-0.253507826523277
"F606-2-15","606Fast15","Dayne.15.1","F606-2",606,"Fast",15,"Generalist",-1.74001013644022,-0.26578716461558,0.230887740167398,-0.295458563957456,0.0946498952009796
"F606-2-15-1","606Fast15","Dayne.15.2","F606-2",606,"Fast",15,"Generalist",-1.77757808991991,0.052407685997979,0.681392340913455,-0.317620799428671,0.0110103597719084
"F606-2-15-2","606Fast15","Dayne.15.3","F606-2",606,"Fast",15,"Generalist",-1.72758966617273,-0.788181203892891,-0.264726385426102,-0.1778446035264,-0.129139561281107
"F606-2-37","606Fast37","Dayne.37.1","F606-2",606,"Fast",37,"Generalist",0.155924957212248,0.788057416642834,-0.531388980038871,0.218490490157939,0.0824013959473512
"F606-2-37-1","606Fast37","Dayne.37.2","F606-2",606,"Fast",37,"Generalist",0.048947781403874,0.898907257018636,-0.530133270264028,0.166838277660485,0.105114085751944
"F606-2-37-2","606Fast37","Dayne.37.3","F606-2",606,"Fast",37,"Generalist",-0.181592795007144,1.04438903992821,-0.674225331824859,-0.0594217001059627,0.4450215619295
"F606-2-43","606Fast43","Dayne.43.1","F606-2",606,"Fast",43,"Generalist",1.39913609783495,0.978396046084953,1.42401932367294,0.411279453922147,0.102306882495478
"F606-2-43-1","606Fast43","Dayne.43.2","F606-2",606,"Fast",43,"Generalist",1.54133437781603,0.542347976901979,1.22015572639133,0.336657637056127,-0.103534191773242
"F606-2-43-2","606Fast43","Dayne.43.3","F606-2",606,"Fast",43,"Generalist",1.42529769030235,0.946589552665937,1.39026942925532,0.241363580023681,0.026030160077616
"R606-4-15","606Random15","Egg.15.1","R606-4",606,"Random",15,"Specialist",-1.64498466052553,0.187607602903704,0.565149485523604,-0.127699760550119,0.119925692464046
"R606-4-15-1","606Random15","Egg.15.2","R606-4",606,"Random",15,"Specialist",-1.79439204268858,-0.177095644526399,0.368388343403161,-0.144101646942203,0.150622196134824
"R606-4-15-2","606Random15","Egg.15.3","R606-4",606,"Random",15,"Specialist",-2.17369038811006,-0.543830723106029,0.308412881191713,-0.326525455576779,0.168093159024766
"R606-4-37","606Random37","Egg.37.1","R606-4",606,"Random",37,"Specialist",0.293322836824448,0.339923024459497,-0.817163925756602,0.261326890980619,0.160247158982237
"R606-4-37-1","606Random37","Egg.37.2","R606-4",606,"Random",37,"Specialist",0.255002731049198,0.53096441328715,-0.650566551515601,0.151001467485948,0.153174468282746
"R606-4-37-2","606Random37","Egg.37.3","R606-4",606,"Random",37,"Specialist",0.581661149149961,0.209461411005796,-0.916397111186237,0.330641109337528,0.0766208074137901
"R606-4-43","606Random43","Egg.43.1","R606-4",606,"Random",43,"Specialist",1.72391162941716,0.922627459454637,0.812859942221255,0.212859006157044,0.704976312112757
"R606-4-43-1","606Random43","Egg.43.2","R606-4",606,"Random",43,"Specialist",1.85751693652093,1.16454599542481,0.664442529979453,0.116761718026605,0.80554340557283
"R606-4-43-2","606Random43","Egg.43.3","R606-4",606,"Random",43,"Specialist",1.98360158708694,0.31072650217267,0.230173954909913,0.110077690247779,0.315065994418156
"R606-1-15","606Random15","Khaleesi.15.1","R606-1",606,"Random",15,"Other",-1.76596300900642,-0.385312131299929,0.13324983535362,-0.166803105754826,-0.0778682265266609
"R606-1-15-1","606Random15","Khaleesi.15.2","R606-1",606,"Random",15,"Other",-1.9017249984884,0.0965473208165079,0.598247953428602,-0.209500766601821,-0.0401976125115638
"R606-1-15-2","606Random15","Khaleesi.15.3","R606-1",606,"Random",15,"Other",-1.54703082963927,-0.448642827436611,0.216806843198627,0.0858853008228975,-0.0269112171862792
"R606-1-37","606Random37","Khaleesi.37.1","R606-1",606,"Random",37,"Other",0.202460445351505,0.481401605718543,-0.446276488976101,-0.0261945563808106,0.10602924537252
"R606-1-37-1","606Random37","Khaleesi.37.2","R606-1",606,"Random",37,"Other",0.0103973702931371,0.430972446733542,-0.623029133637269,-0.0628292090987124,0.0737869049678772
"R606-1-37-2","606Random37","Khaleesi.37.3","R606-1",606,"Random",37,"Other",-0.115046173097574,0.486327549627508,-0.540598080950468,-0.210133801801878,0.070106241677904
"R606-1-43","606Random43","Khaleesi.43.1","R606-1",606,"Random",43,"Other",1.39995594331623,0.0970512324945835,0.681152758219522,-0.408393761503483,-0.11629661105791
"R606-1-43-1","606Random43","Khaleesi.43.2","R606-1",606,"Random",43,"Other",1.28053273083661,-0.228853589645779,0.529378333894196,-0.570425599712787,-0.251929019440936
"R606-1-43-2","606Random43","Khaleesi.43.3","R606-1",606,"Random",43,"Other",1.47368498937476,-0.17746195116985,0.269973956711537,-0.531734033223969,-0.214326882147953
"S606-4-15","606Slow15","Lyanna.15.1","S606-4",606,"Slow",15,"Generalist",-1.22237266719539,0.278334585591079,0.189606473363404,-0.0124274873813404,-0.254698513417314
"S606-4-15-1","606Slow15","Lyanna.15.2","S606-4",606,"Slow",15,"Generalist",-1.23839977803243,0.108852707651198,-0.0612305195092114,-0.0273368824553537,-0.280928525835371
"S606-4-15-2","606Slow15","Lyanna.15.3","S606-4",606,"Slow",15,"Generalist",-1.25707002610636,-0.00409125019076995,-0.108314971298935,-0.149146789359126,-0.354367253339929
"S606-4-37","606Slow37","Lyanna.37.1","S606-4",606,"Slow",37,"Generalist",0.32683567491072,0.655846898929458,-0.851778630583763,-0.482805096039008,-0.0217792951897402
"S606-4-37-1","606Slow37","Lyanna.37.2","S606-4",606,"Slow",37,"Generalist",0.310355796763084,0.75809397382298,-0.567796842328906,-0.157605984693218,0.0465418461267897
"S606-4-37-2","606Slow37","Lyanna.37.3","S606-4",606,"Slow",37,"Generalist",0.120571406347891,1.04900761330039,-0.193679803191236,0.121732249372791,0.179119319610476
"S606-4-43","606Slow43","Lyanna.43.1","S606-4",606,"Slow",43,"Generalist",1.50320408073417,0.72390771172826,1.20610845738762,0.00310290127846299,-0.328769106148236
"S606-4-43-1","606Slow43","Lyanna.43.2","S606-4",606,"Slow",43,"Generalist",1.62058451496123,0.59407229756453,1.03568651129798,0.467022660694682,-0.280350480269768
"S606-4-43-2","606Slow43","Lyanna.43.3","S606-4",606,"Slow",43,"Generalist",1.64766250140635,0.642762273428794,0.545365251523753,0.168126716498531,-0.0813993422263822
"F606-3-15","606Fast15","Nymeria.15.1","F606-3",606,"Fast",15,"Specialist",-1.80732446047762,-0.511101323754593,-0.00627635588750519,-0.139227346916296,0.0395090224062013
"F606-3-15-1","606Fast15","Nymeria.15.2","F606-3",606,"Fast",15,"Specialist",-1.73760196884474,-0.0405092938683891,0.470609835732329,-0.157076021321838,0.118932132146675
"F606-3-15-2","606Fast15","Nymeria.15.3","F606-3",606,"Fast",15,"Specialist",-1.83887246532091,-0.358654612494278,0.250728701753718,-0.203001814720641,0.140214865092389
"F606-3-37","606Fast37","Nymeria.37.1","F606-3",606,"Fast",37,"Specialist",0.211012992376948,-0.0326031025335589,-1.46366638093088,-0.19226918163952,0.0519702449668625
"F606-3-37-1","606Fast37","Nymeria.37.2","F606-3",606,"Fast",37,"Specialist",0.373863096358998,0.143429823351589,-1.29895916043322,-0.182495883224282,0.0534326197296237
"F606-3-37-2","606Fast37","Nymeria.37.3","F606-3",606,"Fast",37,"Specialist",0.305296081442001,0.186949344194028,-1.26957238463301,0.0119529360111539,0.0970607278371038
"F606-3-43","606Fast43","Nymeria.43.1","F606-3",606,"Fast",43,"Specialist",0.832934491175242,1.08680385151717,1.08680553286297,0.492435028117031,0.569191662837674
"F606-3-43-1","606Fast43","Nymeria.43.2","F606-3",606,"Fast",43,"Specialist",0.719976571350332,1.13915154091118,0.505423961099574,0.480996110992181,1.3959997426284
"F606-3-43-2","606Fast43","Nymeria.43.3","F606-3",606,"Fast",43,"Specialist",0.861495594765642,1.0317453643349,0.755386336578922,-0.0935600905974571,0.277495499587781
"S606-3-15","606Slow15","Ramsay.15.1","S606-3",606,"Slow",15,"Specialist",-1.1493288368087,0.189837361583554,0.317959249404024,0.00668881953076637,-0.116600905239156
"S606-3-15-1","606Slow15","Ramsay.15.2","S606-3",606,"Slow",15,"Specialist",-1.54170308883501,0.0420658753699119,0.492169514376824,-0.179076418732708,-0.116129538814547
"S606-3-15-2","606Slow15","Ramsay.15.3","S606-3",606,"Slow",15,"Specialist",-1.80936201886101,-0.151171827405562,0.298409551882524,-0.263135417960446,-0.294673607822389
"S606-3-37","606Slow37","Ramsay.37.1","S606-3",606,"Slow",37,"Specialist",-0.220997145616779,0.710142291998812,-0.357440100235764,-0.090832814080173,-0.0481886523634855
"S606-3-37-1","606Slow37","Ramsay.37.2","S606-3",606,"Slow",37,"Specialist",-0.291850767916027,0.813819954385282,-0.363764176336704,0.00103013690212194,-0.0453886998313666
"S606-3-37-2","606Slow37","Ramsay.37.3","S606-3",606,"Slow",37,"Specialist",-0.463715590711507,0.69922802070386,-0.529974422500576,-0.0594967640429367,-0.173010043571513
"S606-3-43","606Slow43","Ramsay.43.1","S606-3",606,"Slow",43,"Specialist",0.989196040653161,0.118265647785563,0.603805488170652,-0.469523550727063,-0.110605463159171
"S606-3-43-1","606Slow43","Ramsay.43.2","S606-3",606,"Slow",43,"Specialist",0.60153960731492,0.294090207102396,0.840920491985364,-0.619389609878897,0.213987547987596
"S606-3-43-2","606Slow43","Ramsay.43.3","S606-3",606,"Slow",43,"Specialist",0.792014439581678,0.0929971191264531,0.819316994544703,-0.172345682488839,0.356636072998651
"S606-1-15","606Slow15","Renly.15.1","S606-1",606,"Slow",15,"Specialist",-1.49195357749107,-0.0554498996847691,0.437461603817093,0.224162487675244,0.18420148922802
"S606-1-15-1","606Slow15","Renly.15.2","S606-1",606,"Slow",15,"Specialist",-1.18574169290506,0.373375800828652,0.240322821878977,0.22384129148246,-0.474811431790617
"S606-1-15-2","606Slow15","Renly.15.3","S606-1",606,"Slow",15,"Specialist",-1.05467371936066,0.0570295841108836,0.0718778137511589,0.318631028556021,-0.42360834327596
"S606-1-37","606Slow37","Renly.37.1","S606-1",606,"Slow",37,"Specialist",0.104693718369243,0.726748907422279,-0.333111364108786,-0.0185630328551118,0.185496163461401
"S606-1-37-1","606Slow37","Renly.37.2","S606-1",606,"Slow",37,"Specialist",0.293556752944402,0.441416995251533,-0.876496579307171,0.0864665672150738,0.149896309771433
"S606-1-37-2","606Slow37","Renly.37.3","S606-1",606,"Slow",37,"Specialist",0.178439511204258,0.941111129859229,-0.243577590625742,0.162097237412196,0.190549441211127
"S606-1-43","606Slow43","Renly.43.1","S606-1",606,"Slow",43,"Specialist",1.42213889206499,-0.180550033686453,0.588013963384148,-0.176044371988777,-0.140178676672788
"S606-1-43-1","606Slow43","Renly.43.2","S606-1",606,"Slow",43,"Specialist",1.78582554120846,-0.820078059524325,0.205023545581093,0.306674067444158,-0.424014651054271
"S606-1-43-2","606Slow43","Renly.43.3","S606-1",606,"Slow",43,"Specialist",1.18427886536785,0.287268790759271,0.905227377637868,0.284607923251262,0.0923362889539227
"F606-1-15","606Fast15","Rhaegal.15.1","F606-1",606,"Fast",15,"Specialist",-1.97478961753702,-0.942062936921753,-0.0292686436101526,-0.245285904067919,0.125540868650099
"F606-1-15-1","606Fast15","Rhaegal.15.2","F606-1",606,"Fast",15,"Specialist",-1.96807455146562,-0.489609739704594,0.35805775618171,-0.319973138634103,0.188579174994381
"F606-1-15-2","606Fast15","Rhaegal.15.3","F606-1",606,"Fast",15,"Specialist",-1.88866597864669,-0.702492778623251,0.253915013010838,-0.215933689483762,0.258714506213193
"F606-1-37","606Fast37","Rhaegal.37.1","F606-1",606,"Fast",37,"Specialist",-0.00231298390138144,0.664613834083183,-0.459953052994214,-0.114163512420526,-0.0187516745665321
"F606-1-37-1","606Fast37","Rhaegal.37.2","F606-1",606,"Fast",37,"Specialist",-0.158792960816031,0.322539221778722,-0.837839531082269,-0.199460577712944,-0.0704757571140977
"F606-1-37-2","606Fast37","Rhaegal.37.3","F606-1",606,"Fast",37,"Specialist",-0.0558783719772193,0.571756049863709,-0.614477194240347,-0.126107841596486,-0.096716306355268
"F606-1-43","606Fast43","Rhaegal.43.1","F606-1",606,"Fast",43,"Specialist",1.31307422717377,-0.0852513977294354,0.373168952495607,-0.375979874370477,-0.155003567010955
"F606-1-43-1","606Fast43","Rhaegal.43.2","F606-1",606,"Fast",43,"Specialist",1.29130907149449,-0.0298966213739072,0.822053911019357,-0.920249123906278,-0.196705179920668
"F606-1-43-2","606Fast43","Rhaegal.43.3","F606-1",606,"Fast",43,"Specialist",1.27451915993796,0.203849050614361,1.08436567431889,-0.408418853773088,-0.0719555032715767
"R606-2-15","606Random15","Shiera.15.1","R606-2",606,"Random",15,"Specialist",-0.974217693521529,0.0707586196726064,-0.128297878022065,0.180477713411648,-0.505656365423583
"R606-2-15-1","606Random15","Shiera.15.2","R606-2",606,"Random",15,"Specialist",-0.705772091210941,0.0395429776621659,-0.202249769741708,0.176032964779987,-0.415039165109412
"R606-2-15-2","606Random15","Shiera.15.3","R606-2",606,"Random",15,"Specialist",-1.02586691831688,0.188188228505083,0.0566591265802616,0.226896965177139,-0.452382646327377
"R606-2-37","606Random37","Shiera.37.1","R606-2",606,"Random",37,"Specialist",0.116001763067851,0.827692788488193,-0.440331869705121,0.15828812782447,0.123398150474585
"R606-2-37-1","606Random37","Shiera.37.2","R606-2",606,"Random",37,"Specialist",0.337461295364611,0.50300111600368,-0.876400224440144,0.171911327314032,-0.0966531726376154
"R606-2-37-2","606Random37","Shiera.37.3","R606-2",606,"Random",37,"Specialist",0.195043763416272,0.706868686160775,-0.838301036268549,0.211792802521411,-0.0481537190915797
"R606-2-43","606Random43","Shiera.43.1","R606-2",606,"Random",43,"Specialist",1.30351916085263,-0.838664057724982,0.228633115134088,0.709751486549823,0.0638855492535243
"R606-2-43-1","606Random43","Shiera.43.2","R606-2",606,"Random",43,"Specialist",1.55425896125484,-1.63688478618932,-0.540266392400252,0.924592843806759,0.0999698356786076
"R606-2-43-2","606Random43","Shiera.43.3","R606-2",606,"Random",43,"Specialist",1.32035927442869,-0.924358734074789,0.0803759718655098,0.723049666249398,0.326719796784306
"F606-4-15","606Fast15","Stannis.15.1","F606-4",606,"Fast",15,"Generalist",-1.82684516165184,-0.810290871014108,0.141913539145012,-0.204980452095239,0.251230272086482
"F606-4-15-1","606Fast15","Stannis.15.2","F606-4",606,"Fast",15,"Generalist",-1.87850840335918,-0.408584576800559,0.428682510262851,-0.159096717068024,0.193429858024734
"F606-4-15-2","606Fast15","Stannis.15.3","F606-4",606,"Fast",15,"Generalist",-1.77949644157389,-0.217488282788742,0.52046979374511,-0.0208254486504585,0.110436265722668
"F606-4-37","606Fast37","Stannis.37.1","F606-4",606,"Fast",37,"Generalist",0.139030865232359,0.30260521456075,-0.874188611724739,0.0587633443366154,0.100143495179117
"F606-4-37-1","606Fast37","Stannis.37.2","F606-4",606,"Fast",37,"Generalist",0.0262274882649145,0.72436453322846,-0.356083375214348,-0.104128698891572,0.0965231822041671
"F606-4-37-2","606Fast37","Stannis.37.3","F606-4",606,"Fast",37,"Generalist",0.270998313422932,0.685985982999181,-0.399531346785915,-0.00343500850231464,0.157899622187937
"F606-4-43","606Fast43","Stannis.43.1","F606-4",606,"Fast",43,"Generalist",1.42555037045129,-0.311842600683772,0.255506426534983,0.0762127865351102,-0.220646939046639
"F606-4-43-1","606Fast43","Stannis.43.2","F606-4",606,"Fast",43,"Generalist",1.54427730332497,-0.319119134539873,0.000911346487669173,-0.282551855486732,-0.391895253037242
"F606-4-43-2","606Fast43","Stannis.43.3","F606-4",606,"Fast",43,"Generalist",1.68740366260245,-0.45533649367042,-0.0956716842847913,-0.214668824038687,-0.205958826785153
"R606-3-15","606Random15","Thoros.15.1","R606-3",606,"Random",15,"Other",-1.09191471197279,0.215916693206797,-0.464239720306567,0.45350507251098,-0.249831417982504
"R606-3-15-1","606Random15","Thoros.15.2","R606-3",606,"Random",15,"Other",-0.918102577827951,0.231696757303302,0.0747424211258397,0.559101978396902,-0.170788592413764
"R606-3-15-2","606Random15","Thoros.15.3","R606-3",606,"Random",15,"Other",-0.692950658509274,-0.066337305805694,-0.467366238015018,0.441709632061764,-0.405858144377647
"R606-3-37","606Random37","Thoros.37.1","R606-3",606,"Random",37,"Other",-0.129302952028745,0.378254972856147,-0.748084441325798,0.0552385329142804,-0.211282522295969
"R606-3-37-1","606Random37","Thoros.37.2","R606-3",606,"Random",37,"Other",0.125784117994289,0.349837447016104,-0.908781756193973,0.102652359985703,-0.173101589157852
"R606-3-37-2","606Random37","Thoros.37.3","R606-3",606,"Random",37,"Other",0.115763863073961,0.362379834831259,-1.13991573005789,0.225094626171842,-0.0981847191124669
"R606-3-43","606Random43","Thoros.43.1","R606-3",606,"Random",43,"Other",1.48987983254087,-0.295562452392719,0.453347056860985,0.0724042237028245,-0.27589244685325
"R606-3-43-1","606Random43","Thoros.43.2","R606-3",606,"Random",43,"Other",1.22636929321592,0.00950731873389685,0.655614561836454,-0.298330246993004,-0.317825386234135
"R606-3-43-2","606Random43","Thoros.43.3","R606-3",606,"Random",43,"Other",0.888817556184152,0.0782664131999601,0.820654940743295,0.443953218219805,-0.0713371707168147
"607P-15","607Ancestor15","X607P.15.1","607P",607,"Ancestor",15,"Other",-1.59521320513439,-0.190260791023355,0.369166233860674,0.125970501616793,0.392027024304706
"607P-15-1","607Ancestor15","X607P.15.2","607P",607,"Ancestor",15,"Other",-1.48022549574576,-0.203594217450198,0.360021904922172,0.206661746736912,0.256786257385549
"607P-15-2","607Ancestor15","X607P.15.3","607P",607,"Ancestor",15,"Other",-1.60028936147208,-0.0957579828213121,0.358998088534323,0.132085610615591,0.180912040387065
"607P-15-3","607Ancestor15","X607P2.15.1","607P",607,"Ancestor",15,"Other",-1.64576471814709,-0.37980540608015,0.283030107810607,0.142380855701349,0.443166833049459
"607P-15-4","607Ancestor15","X607P2.15.2","607P",607,"Ancestor",15,"Other",-1.53377072692248,-0.421164372319262,0.168168228441237,0.230584656025387,0.355590215548927
"607P-15-5","607Ancestor15","X607P2.15.3","607P",607,"Ancestor",15,"Other",-1.39816269834922,-0.379379018760296,0.088567185659311,0.216470505691405,0.263109865318218
"607P-37","607Ancestor37","X607P2.37.1","607P",607,"Ancestor",37,"Other",0.835784172633337,0.698909364430961,-0.465373832269234,0.463444849058817,-0.111284708221509
"607P-37-1","607Ancestor37","X607P2.37.2","607P",607,"Ancestor",37,"Other",0.611441361243617,0.736539775210339,-0.472162439355216,0.208978653431209,-0.0111112967635993
"607P-37-2","607Ancestor37","X607P2.37.3","607P",607,"Ancestor",37,"Other",0.586263199408619,0.75063903099418,-0.191104780859931,0.127778945239182,0.122299943931412
"607P-37-3","607Ancestor37","X607P3.37.1","607P",607,"Ancestor",37,"Other",0.389147237648751,1.19912744902953,-0.0686641179605449,0.19742158363487,-0.237985925663464
"607P-37-4","607Ancestor37","X607P3.37.2","607P",607,"Ancestor",37,"Other",0.318384284982267,1.17432677223815,-0.0315506750287392,0.115268080407512,-0.191885692039904
"607P-37-5","607Ancestor37","X607P3.37.3","607P",607,"Ancestor",37,"Other",0.270834879046493,1.32535664979208,0.0910211520511184,0.113166955402735,-0.077510851468966
"607P-43","607Ancestor43","X607P3.43.1","607P",607,"Ancestor",43,"Other",2.32819501823021,-2.19125772000373,-0.682238787588072,0.941673815467271,-0.268812358665687
"607P-43-1","607Ancestor43","X607P3.43.2","607P",607,"Ancestor",43,"Other",1.96318381158242,-1.46869984854837,-0.0822041182109332,1.00769140371902,0.337334927436269
"607P-43-2","607Ancestor43","X607P3.43.3","607P",607,"Ancestor",43,"Other",1.12215393465594,-0.57166849159224,0.450678931084248,0.242307512274128,0.167569744002545
"607P-43-3","607Ancestor43","X607P4.43.1","607P",607,"Ancestor",43,"Other",1.87203952385567,-1.46364760235624,-0.363449834435806,0.12198456324847,-0.0664507702737219
"607P-43-4","607Ancestor43","X607P4.43.2","607P",607,"Ancestor",43,"Other",2.00274727738098,-1.47868009148837,-0.457686137875542,0.542144873400982,-0.288829497381932
"R607-4-15","607Random15","Aegon.15.1","R607-4",607,"Random",15,"Specialist",-1.19589972258964,-0.0484151299660388,0.0892843521179561,0.100311646369151,-0.33612819024459
"R607-4-15-1","607Random15","Aegon.15.2","R607-4",607,"Random",15,"Specialist",-1.39996534240826,0.26980443217797,0.3452032155761,-0.14085750055873,-0.282485428518154
"R607-4-15-2","607Random15","Aegon.15.3","R607-4",607,"Random",15,"Specialist",-1.38204998881151,-0.191445960066827,-0.0460176892113531,0.0472210385576701,-0.332088338550615
"R607-4-37","607Random37","Aegon.37.1","R607-4",607,"Random",37,"Specialist",0.442579317574284,0.15614607691129,-0.9675754414023,0.0581511255017566,0.00467296751979641
"R607-4-37-1","607Random37","Aegon.37.2","R607-4",607,"Random",37,"Specialist",0.227116318257155,0.489468290316744,-0.459563819634398,0.000700097903271673,0.0842966841167814
"R607-4-37-2","607Random37","Aegon.37.3","R607-4",607,"Random",37,"Specialist",0.176544245646215,0.5604939590265,-0.429637215477987,-0.0727185374913284,-0.0238513506952705
"R607-4-43","607Random43","Aegon.43.1","R607-4",607,"Random",43,"Specialist",0.886339593674395,-1.04874423471634,0.154723136198269,-0.121595334808919,-0.119438973775878
"R607-4-43-1","607Random43","Aegon.43.2","R607-4",607,"Random",43,"Specialist",0.889195467922703,-0.957615479827168,0.269857996785536,0.011335829592552,-0.0768137675565113
"R607-4-43-2","607Random43","Aegon.43.3","R607-4",607,"Random",43,"Specialist",1.16014486618762,-1.21532477862588,0.0552443312356245,0.373304856517285,-0.017048429921471
"R607-1-15","607Random15","Aeris.15.1","R607-1",607,"Random",15,"Generalist",-1.29869710374593,0.0115632618940281,0.517331834256547,0.0518467357538017,-0.110012921069359
"R607-1-15-1","607Random15","Aeris.15.2","R607-1",607,"Random",15,"Generalist",-1.26831615624116,-0.0414800299143116,0.428530362059505,0.0947653743309004,-0.195421931433031
"R607-1-15-2","607Random15","Aeris.15.3","R607-1",607,"Random",15,"Generalist",-1.14175942336131,0.14637172398953,0.526412168907927,0.114531378661364,-0.164209048256245
"R607-1-37","607Random37","Aeris.37.1","R607-1",607,"Random",37,"Generalist",0.0034134880401994,0.118740253796527,-0.695797696202547,-0.337007827722042,0.0450249805015928
"R607-1-37-1","607Random37","Aeris.37.2","R607-1",607,"Random",37,"Generalist",0.144225355141404,0.184836754430468,-0.739993386830384,-0.117566493755687,0.0321077358031506
"R607-1-37-2","607Random37","Aeris.37.3","R607-1",607,"Random",37,"Generalist",0.178010661992408,0.119458023353495,-0.805280172827766,-0.263925294880787,-0.0267356520668569
"R607-1-43","607Random43","Aeris.43.1","R607-1",607,"Random",43,"Generalist",0.927292009457881,-0.555665431385628,0.146117083800735,-0.342594342664025,-0.049849610666171
"R607-1-43-1","607Random43","Aeris.43.2","R607-1",607,"Random",43,"Generalist",1.33099699203054,-1.20852155938336,-0.656907568089478,0.0520762413040328,-0.18886364369392
"R607-1-43-2","607Random43","Aeris.43.3","R607-1",607,"Random",43,"Generalist",1.34825050083703,-0.998084964102613,-0.251631249993663,-0.0623544777713748,-0.218676921916692
"F607-4-15","607Fast15","Bloodraven.15.1","F607-4",607,"Fast",15,"Specialist",-1.47375210985849,-0.348147515661489,0.0198648914763163,0.201850834223811,-0.360862382584513
"F607-4-15-1","607Fast15","Bloodraven.15.2","F607-4",607,"Fast",15,"Specialist",-1.29322963141834,-0.221254618305957,0.0951213340384133,0.287952121276089,-0.290576212141312
"F607-4-15-2","607Fast15","Bloodraven.15.3","F607-4",607,"Fast",15,"Specialist",-1.04287846653168,-0.370937709485155,-0.147703918120938,0.403685588107441,-0.358676905933478
"F607-4-37","607Fast37","Bloodraven.37.1","F607-4",607,"Fast",37,"Specialist",0.0591632554996619,0.52659636207953,-0.481953115176084,-0.175365688868425,0.286582479571634
"F607-4-37-1","607Fast37","Bloodraven.37.2","F607-4",607,"Fast",37,"Specialist",0.409230950028367,0.249689473067296,-0.925446527555422,-0.225854146031035,0.241923287295365
"F607-4-37-2","607Fast37","Bloodraven.37.3","F607-4",607,"Fast",37,"Specialist",0.432493828978391,0.609073573463577,-0.395340412419387,-0.0381378493354792,0.310931496551924
"F607-4-43","607Fast43","Bloodraven.43.1","F607-4",607,"Fast",43,"Specialist",1.38079484623506,-0.845870230145649,-0.35896274298003,-0.811557160938961,0.0217164752759181
"F607-4-43-1","607Fast43","Bloodraven.43.2","F607-4",607,"Fast",43,"Specialist",0.788867976109607,-0.599942804777587,0.150330071815107,0.615144411214054,0.418484663210567
"F607-4-43-2","607Fast43","Bloodraven.43.3","F607-4",607,"Fast",43,"Specialist",1.20918487805348,-0.810501824883114,-0.0513206775632051,-0.287772414487504,0.0873418828716772
"S607-4-15","607Slow15","Dunk.15.1","S607-4",607,"Slow",15,"Generalist",-1.22335757399827,-0.323300312626656,-0.386107834599653,0.136794077526646,-0.60492673123955
"S607-4-15-1","607Slow15","Dunk.15.2","S607-4",607,"Slow",15,"Generalist",-1.27937839721918,-0.103542405409126,-0.104793624988403,0.0687819611210648,-0.648521849715768
"S607-4-15-2","607Slow15","Dunk.15.3","S607-4",607,"Slow",15,"Generalist",-1.25453317964833,-0.158448770311083,-0.120351761207668,0.329887484883062,-0.709511228831956
"S607-4-37","607Slow37","Dunk.37.1","S607-4",607,"Slow",37,"Generalist",0.0499410152653455,1.32086088325748,0.327701716565522,-0.242866238174644,0.236534296898175
"S607-4-37-1","607Slow37","Dunk.37.2","S607-4",607,"Slow",37,"Generalist",-0.000263832360663072,1.18235426968196,0.133226765783072,-0.151782234837216,0.270140914463883
"S607-4-37-2","607Slow37","Dunk.37.3","S607-4",607,"Slow",37,"Generalist",0.00638057682825438,1.23960720376024,0.236418696733234,-0.0901966274293225,0.230102061279254
"S607-4-43","607Slow43","Dunk.43.1","S607-4",607,"Slow",43,"Generalist",0.948427107721334,-0.0864920506203261,0.855909590408994,0.00523864580190783,-0.0015718882922868
"S607-4-43-1","607Slow43","Dunk.43.2","S607-4",607,"Slow",43,"Generalist",0.756937536490785,0.262477066698224,1.04295005845079,-0.0828399156084154,0.192400371280959
"S607-4-43-2","607Slow43","Dunk.43.3","S607-4",607,"Slow",43,"Generalist",1.14657674871535,-0.0221544445339962,0.652559440371324,-0.157669979649919,0.00214699853319006
"F607-2-15","607Fast15","Greywind.15.1","F607-2",607,"Fast",15,"Generalist",-1.36588237417173,-0.567759219316817,-0.0409466033062404,0.225133039151031,-0.173204246427838
"F607-2-15-1","607Fast15","Greywind.15.2","F607-2",607,"Fast",15,"Generalist",-1.37810109871445,-0.671013156673838,-0.0974850781276245,0.289769867506916,-0.182703772776585
"F607-2-15-2","607Fast15","Greywind.15.3","F607-2",607,"Fast",15,"Generalist",-1.36315696150788,-0.639110346103447,-0.0438065962207334,0.233902337002151,-0.0999588595803415
"F607-2-37","607Fast37","Greywind.37.1","F607-2",607,"Fast",37,"Generalist",0.0224235426363083,0.490111417719675,-0.542409703006257,-0.186546842248451,-0.105899127096408
"F607-2-37-1","607Fast37","Greywind.37.2","F607-2",607,"Fast",37,"Generalist",0.206043571361409,0.64975169743704,-0.485566299679205,-0.0710591312943159,-0.0223967800382379
"F607-2-37-2","607Fast37","Greywind.37.3","F607-2",607,"Fast",37,"Generalist",0.314008153381782,0.961826958443706,-0.189782206962831,0.0255597758910217,-0.0513186116005492
"F607-2-43","607Fast43","Greywind.43.1","F607-2",607,"Fast",43,"Generalist",0.913694480314016,-0.438481556597225,0.283421946616004,-0.263779321803174,0.0967659539493654
"F607-2-43-1","607Fast43","Greywind.43.2","F607-2",607,"Fast",43,"Generalist",1.37474486381843,-0.791579150020846,-0.274370830788335,-1.99949284060314,-0.425208948892778
"F607-2-43-2","607Fast43","Greywind.43.3","F607-2",607,"Fast",43,"Generalist",0.797907779340483,-0.685944290235467,0.126328888268681,-0.249768813587491,0.350680541452918
"S607-3-15","607Slow15","Ilyrio.15.1","S607-3",607,"Slow",15,"Generalist",-1.53136391839158,0.0130806469027997,0.743349122111819,-0.144555362398968,0.161691265309838
"S607-3-15-1","607Slow15","Ilyrio.15.2","S607-3",607,"Slow",15,"Generalist",-1.54716316446217,-0.312248601783885,0.502492943109239,-0.0870918023575666,0.153780164778875
"S607-3-15-2","607Slow15","Ilyrio.15.3","S607-3",607,"Slow",15,"Generalist",-1.60658501668081,-0.3238435795308,0.538420396296234,-0.15150144938441,0.168544450565273
"S607-3-37","607Slow37","Ilyrio.37.1","S607-3",607,"Slow",37,"Generalist",0.233773599565288,0.320914401848845,-0.773962572117058,0.181485122545444,-0.161162788246054
"S607-3-37-1","607Slow37","Ilyrio.37.2","S607-3",607,"Slow",37,"Generalist",0.130171921019052,0.449445996449358,-0.337132151206815,-0.158416997150848,-0.169582679516744
"S607-3-37-2","607Slow37","Ilyrio.37.3","S607-3",607,"Slow",37,"Generalist",0.0995723554586428,0.831296886297008,0.387726512426331,-0.0147002523390052,-0.2861166408862
"S607-3-43","607Slow43","Ilyrio.43.1","S607-3",607,"Slow",43,"Generalist",1.33357770025458,-0.35970535033612,0.618916366224915,-0.056362140733696,-0.125957041053574
"S607-3-43-1","607Slow43","Ilyrio.43.2","S607-3",607,"Slow",43,"Generalist",0.894539689286802,0.24505175815975,1.03094884543448,-0.230261521058878,-0.0290754303251199
"S607-3-43-2","607Slow43","Ilyrio.43.3","S607-3",607,"Slow",43,"Generalist",1.00911051032158,-0.0318594761247841,0.69219041058344,-0.229920792381446,-0.0701149776905192
"R607-2-15","607Random15","Jeor.15.1","R607-2",607,"Random",15,"Specialist",-1.47807443734296,0.0242032624025291,0.307476884814828,0.155585406501635,-0.51270717026535
"R607-2-15-1","607Random15","Jeor.15.2","R607-2",607,"Random",15,"Specialist",-1.52257883819476,0.53685281496463,0.868246402418795,0.0599881188753614,-0.429064397943812
"R607-2-15-2","607Random15","Jeor.15.3","R607-2",607,"Random",15,"Specialist",-1.50495567083131,0.313062841629583,0.549057637580019,-0.0587936164147029,-0.488438979124128
"R607-2-37","607Random37","Jeor.37.1","R607-2",607,"Random",37,"Specialist",0.183010291662948,0.634012043701634,-0.575650956126732,-0.196275099022712,0.115724779230387
"R607-2-37-1","607Random37","Jeor.37.2","R607-2",607,"Random",37,"Specialist",0.434894678405986,0.337304616804886,-0.572269044568668,-0.0636783244611665,0.15269741449476
"R607-2-37-2","607Random37","Jeor.37.3","R607-2",607,"Random",37,"Specialist",0.431386637082166,0.461019236982605,-0.467218861726113,-0.153285153859115,0.228312005014519
"R607-2-43","607Random43","Jeor.43.1","R607-2",607,"Random",43,"Specialist",0.715677010587415,-0.264007593120805,0.67759518567978,0.268180984176931,0.18043136115768
"R607-2-43-1","607Random43","Jeor.43.2","R607-2",607,"Random",43,"Specialist",0.908017647206575,-0.594097254032036,0.327594117643341,0.437259455819588,0.0953857541875849
"R607-2-43-2","607Random43","Jeor.43.3","R607-2",607,"Random",43,"Specialist",1.4428729407899,-1.28050059970568,-0.181281211576841,0.537252728911416,0.00999678230770957
"F607-3-15","607Fast15","Lady.15.1","F607-3",607,"Fast",15,"Generalist",-1.21934974143391,-0.0349104009362215,0.198775100063327,0.0458340252524428,-0.26539704150553
"F607-3-15-1","607Fast15","Lady.15.2","F607-3",607,"Fast",15,"Generalist",-1.14263640254616,-0.00607941269761014,0.239821606379544,0.277546333724867,-0.222688675868356
"F607-3-15-2","607Fast15","Lady.15.3","F607-3",607,"Fast",15,"Generalist",-1.0321073079474,0.206011078590279,0.515415834365949,0.278739763822851,-0.259327161669844
"F607-3-37","607Fast37","Lady.37.1","F607-3",607,"Fast",37,"Generalist",-0.0061020689367567,0.387326098984703,-0.437713586745826,-0.228271741209095,0.120884624394582
"F607-3-37-1","607Fast37","Lady.37.2","F607-3",607,"Fast",37,"Generalist",0.040645347137087,0.307637824738287,-0.52226023437649,-0.223420087808817,0.0346285895091873
"F607-3-37-2","607Fast37","Lady.37.3","F607-3",607,"Fast",37,"Generalist",0.148431709209884,0.152368182988436,-0.749033282226048,-0.067397630934609,0.103042415490138
"F607-3-43","607Fast43","Lady.43.1","F607-3",607,"Fast",43,"Generalist",0.775074640831211,-0.803594335706525,0.203070815916454,0.028343516170135,0.0221011115392672
"F607-3-43-1","607Fast43","Lady.43.2","F607-3",607,"Fast",43,"Generalist",1.45419598321434,-2.04990576007507,-1.15314671168191,-0.209893344548172,-0.156256966504517
"F607-3-43-2","607Fast43","Lady.43.3","F607-3",607,"Fast",43,"Generalist",1.10513421259517,-1.23765809847003,-0.310963440077541,0.167400499250945,0.10508326594811
"S607-2-15","607Slow15","Margaery.15.1","S607-2",607,"Slow",15,"Specialist",-1.12355309791996,0.362865264429742,0.381680747242293,0.132291872069751,-0.497736282792369
"S607-2-15-1","607Slow15","Margaery.15.2","S607-2",607,"Slow",15,"Specialist",-0.258333482305401,0.577567912944342,0.144405359776356,0.434506771881705,-0.333781222750852
"S607-2-15-2","607Slow15","Margaery.15.3","S607-2",607,"Slow",15,"Specialist",-0.544688132851123,0.417044691010435,0.243961393208472,0.329999010340232,-0.368537607685931
"S607-2-37","607Slow37","Margaery.37.1","S607-2",607,"Slow",37,"Specialist",0.319937203181984,0.920935437251212,0.193116180159377,-0.121060736182747,0.367804492687426
"S607-2-37-1","607Slow37","Margaery.37.2","S607-2",607,"Slow",37,"Specialist",0.87022792551003,0.930044430706345,0.674069320337215,0.44289844485146,0.509364744684016
"S607-2-37-2","607Slow37","Margaery.37.3","S607-2",607,"Slow",37,"Specialist",0.525967755607195,0.602237086153965,-0.11311709879159,0.0396469007277121,0.40887409527724
"S607-2-43","607Slow43","Margaery.43.1","S607-2",607,"Slow",43,"Specialist",1.53172345883057,-0.78564057098602,-0.45652739375718,0.0582200514034233,0.473826550791956
"S607-2-43-1","607Slow43","Margaery.43.2","S607-2",607,"Slow",43,"Specialist",0.444557301138075,-0.203283292490985,0.431732752692164,-0.770711814769061,0.276098483832806
"S607-2-43-2","607Slow43","Margaery.43.3","S607-2",607,"Slow",43,"Specialist",1.22878879972992,-0.676339150378921,-0.783222114400546,-0.305421724910519,0.121089218177048
"S607-1-15","607Slow15","Strong.15.1","S607-1",607,"Slow",15,"Generalist",-1.04249930748979,-0.00162901380535972,0.0509760612454303,0.364231595288539,-0.30015586107183
"S607-1-15-1","607Slow15","Strong.15.2","S607-1",607,"Slow",15,"Generalist",-1.04642923844698,0.236582863637549,0.27749974742318,0.424208716290596,-0.397212407096055
"S607-1-15-2","607Slow15","Strong.15.3","S607-1",607,"Slow",15,"Generalist",-1.02570371509936,0.212567337914689,0.266444069290205,0.324210514646811,-0.339002060513757
"S607-1-37","607Slow37","Strong.37.1","S607-1",607,"Slow",37,"Generalist",0.546927270793083,0.655063405859259,-0.543274544464295,0.0049267329358446,0.21074873770032
"S607-1-37-1","607Slow37","Strong.37.2","S607-1",607,"Slow",37,"Generalist",0.505662454714217,0.704044433886381,-0.495601046538182,-0.00432527805200461,0.232896566741369
"S607-1-37-2","607Slow37","Strong.37.3","S607-1",607,"Slow",37,"Generalist",0.157062385910759,0.703609044283924,-0.488245555067948,-0.251755603588267,0.108456754550626
"S607-1-43","607Slow43","Strong.43.1","S607-1",607,"Slow",43,"Generalist",1.39327200436448,-0.0513439817150846,0.298356280054623,-0.521990432023579,-0.0855233114225751
"S607-1-43-1","607Slow43","Strong.43.2","S607-1",607,"Slow",43,"Generalist",1.69510878654277,-0.0111147792054128,0.168679390711763,-0.644756907251393,-0.167655861909457
"S607-1-43-2","607Slow43","Strong.43.3","S607-1",607,"Slow",43,"Generalist",1.53589820166871,-0.126316102407213,0.199073905111968,0.0615160087198684,0.00509123249803019
"R607-3-15","607Random15","Sunfyre.15.1","R607-3",607,"Random",15,"Specialist",-1.17103867501613,-0.360927757840995,-0.149353612469448,0.132679465002191,-0.330608812699372
"R607-3-15-1","607Random15","Sunfyre.15.2","R607-3",607,"Random",15,"Specialist",-1.02829062377624,-0.743236017307968,-0.654479905760182,0.145022734853094,-0.497646351224473
"R607-3-15-2","607Random15","Sunfyre.15.3","R607-3",607,"Random",15,"Specialist",-1.42603999166359,0.14385953122297,0.328637128172701,-0.0781311636497592,-0.327215429213771
"R607-3-37","607Random37","Sunfyre.37.1","R607-3",607,"Random",37,"Specialist",0.0313356630921649,0.193044596053821,-0.599456667239507,-0.258885721866997,0.192570024827856
"R607-3-37-1","607Random37","Sunfyre.37.2","R607-3",607,"Random",37,"Specialist",0.269217355604193,0.339345468326891,-0.591583906624956,-0.103058606548481,0.292313828233821
"R607-3-37-2","607Random37","Sunfyre.37.3","R607-3",607,"Random",37,"Specialist",0.102100706101492,0.351286216758423,-0.614503061022097,-0.23108133903543,0.233060962839132
"R607-3-43","607Random43","Sunfyre.43.1","R607-3",607,"Random",43,"Specialist",0.75314408001787,-0.936669220886856,0.123893929054837,0.0336444377624916,0.360406023757628
"R607-3-43-1","607Random43","Sunfyre.43.2","R607-3",607,"Random",43,"Specialist",0.914283281111635,-0.786451149765453,0.102477670576411,0.257603586056755,0.475100069238201
"R607-3-43-2","607Random43","Sunfyre.43.3","R607-3",607,"Random",43,"Specialist",1.07159250650121,-1.55782306839062,-0.562921295679931,0.432922197861915,0.342783286065615
"F607-1-15","607Fast15","Viserion.15.1","F607-1",607,"Fast",15,"Generalist",-1.42140236102669,0.0747800515726204,0.310956459718976,0.461824542882896,-0.196397549251428
"F607-1-15-1","607Fast15","Viserion.15.2","F607-1",607,"Fast",15,"Generalist",-1.53326373942489,0.112577158333664,0.354829351447073,0.414506718252726,-0.283091470920337
"F607-1-15-2","607Fast15","Viserion.15.3","F607-1",607,"Fast",15,"Generalist",-1.26166499664411,-0.00822072594896351,0.251534892578516,0.594960619058769,-0.228991708353124
"F607-1-37","607Fast37","Viserion.37.1","F607-1",607,"Fast",37,"Generalist",-0.0464223834379675,0.268716079419771,-0.498551030813573,-0.160509884909996,-0.196606375073209
"F607-1-37-1","607Fast37","Viserion.37.2","F607-1",607,"Fast",37,"Generalist",0.225954421059083,0.317219540799481,-0.618512709167251,0.0853230355946636,-0.0353142552242538
"F607-1-37-2","607Fast37","Viserion.37.3","F607-1",607,"Fast",37,"Generalist",0.0545702605880214,0.244646059784844,-0.624323691340131,-0.0858075934640918,-0.0991103826390264
"F607-1-43","607Fast43","Viserion.43.1","F607-1",607,"Fast",43,"Generalist",1.44736481059158,-0.652769098114752,0.205251412190191,-0.881231319029301,-0.467499030081069
"F607-1-43-1","607Fast43","Viserion.43.2","F607-1",607,"Fast",43,"Generalist",1.1718225819264,-0.373250744447297,0.571211783377386,-0.35602387218007,-0.328488859779288
"F607-1-43-2","607Fast43","Viserion.43.3","F607-1",607,"Fast",43,"Generalist",1.30111964777813,-1.05529502387988,0.308160930718589,0.200208583391599,-0.333898542386587
